ph,Hardness,Solids,Chloramines,Sulfate,Conductivity,Organic_carbon,Trihalomethanes,Turbidity,Potability
7.745071229516849,225.63768152101252,34174.39229829822,8.34537772186662,305.3176907260504,471.6490397775625,8.00423505900461,84.89025459923431,3.2964749881273514,1
6.792603548243223,257.1013324950442,30044.31304134109,6.218102853874346,327.0747345006638,503.45477284262887,11.460729464427644,55.96298486477915,3.9456612786275147,0
7.971532807151039,151.24583763778747,22518.784218305515,5.790881786524308,300.51078323900157,399.4953293453342,12.935101739708575,66.72356334399971,3.9840531601946685,1
9.284544784612038,214.01501557409827,16371.650033961507,7.094600868142476,320.37357728479935,377.02106123937995,20.529369269222627,66.81916643009737,4.338651669757857,1
,175.17943778810155,28074.542828438232,6.827704603960115,,339.1879578753761,16.136625310961403,57.97145291501549,2.9038504766409554,1
,180.41198771952972,25423.322853169222,6.37483512107636,,359.9671576016836,9.89291082197036,44.04055123385439,4.432202473600918,1
9.368819223261088,177.0433944243562,29788.181014241272,8.214219915930745,,661.927554024698,15.903919755078203,71.16759205788269,1.8605745273498355,1
8.151152093729364,168.35229537024588,27525.994674633133,8.628488333712816,299.49936612620417,525.5743664589429,9.193896836503395,65.02393645031387,3.4786900491562283,1
6.295788421097572,197.55269209423446,31131.108623278218,7.241451018066956,360.0290724057286,317.91405070335827,17.872880477827344,74.00384751098511,3.5891464028877955,0
7.8138400653789475,169.4095962748468,17343.45365942306,9.464048129688418,371.4403756426889,320.2033634605144,12.745288649001001,57.46239509697333,4.463994924335566,1
6.304873460781307,204.65461842495483,33461.32837101864,5.273297417386392,267.09004556087206,464.54928493747934,13.991000577160737,85.53314078100877,3.9876520650879583,0
6.301405369644614,194.3923804976276,23719.116560823877,6.790144865152451,,469.7811837902374,18.675128936889227,51.97161950061049,2.8736608179920964,1
7.362943407349051,188.35366250027488,40054.76959183981,5.953084287035511,301.46516365872077,469.9107068253892,10.052360223671975,93.39264454428628,3.2017053618627282,1
4.130079633013303,166.95796281466886,16004.06598262076,4.113541412683103,294.46397285453656,405.60353651570415,9.68950998912713,38.03781584274782,4.124970407446978,1
4.412623251230451,177.54331742181336,37102.88508753767,6.967710902651681,367.0084685192017,415.96365919976796,12.374122223058185,72.95632103291025,3.908327473345646,0
6.1565687061385415,220.17251922642419,23721.823816125037,6.905203986586746,325.05312831031506,452.23036193274856,17.726650208363743,73.60689092042597,3.518283194484118,1
5.480753319498364,212.0293500039802,16332.663368554298,9.52151958918741,322.15489150626496,432.87144050346643,9.286157950926421,53.27108691294588,3.594949644180656,1
,164.71823216644637,17790.1932437274,8.109298695287643,,248.4559701801972,4.953886526235124,72.7903030057762,4.513011037784246,0
5.637963886718183,199.1786337737352,19212.978418709416,5.461301081073271,,407.6160295539845,12.811175767250305,86.47229871616254,3.5661997931620126,1
4.881544447997063,220.04438794789723,25690.243733696672,10.0665481061347,282.1904058110076,357.8874852591749,16.12074463970604,30.53089857033497,3.901288829657323,1
9.19847315338233,142.5790310041161,26548.668745908846,9.053653912840565,335.45723784091945,440.01691351268096,18.260863774138137,74.04391691985303,5.662550538702824,1
6.661335549270197,213.38752615615792,17008.809965734363,8.031356325549785,344.3724544562859,664.8207202082729,12.771567505118185,26.10766687471876,2.8595275432305405,1
7.101292307031886,174.7960397137329,21788.11504732945,6.737625441840269,388.7870024293847,455.3985332379443,12.942292196517194,50.54936314362867,2.5255626693717663,1
4.862877720679815,214.2591573949811,40637.752119923214,5.564897221242432,279.3383636361164,400.91762510620816,18.107872423043965,92.06666183841511,4.581199938542913,0
6.183425913212226,171.57570699063945,37029.625579876185,6.504469158286315,209.20000161134618,499.7441201581802,8.129852391005112,56.691487465727135,3.4406584121906,0
7.166383884564799,138.24377277873538,25796.01592616408,8.841997791526698,340.5378313349015,464.615030976737,13.01788144189607,47.21792056945644,3.7217747283607565,1
5.273509633866546,143.9186419877388,22330.630260063343,10.115338089495374,406.820958441945,459.6075592361473,14.928398836752692,62.83299633624509,3.360698025057731,0
7.563547027518508,197.53871829316424,23044.272542448874,9.569189645235502,383.7968004705169,474.5480474572537,15.782421780240615,99.08650141061683,3.7673558902013404,0
6.099041965121793,204.31112005508743,27337.606362754625,6.317840925141961,341.59603602625964,590.5234851863634,12.617637912470089,36.69308404470358,5.216859727435146,0
,167.06186799665892,13101.704682773872,5.3086121067375815,,335.5289251739267,14.413655338629278,49.17904141377049,4.595660197722133,0
6.097440081655905,216.43495868087598,19760.824124416897,7.325417995057926,366.09202646212975,463.89056614491636,6.088519733737137,89.95890693087402,4.642534339271842,0
,142.83135800739328,7483.318557264973,4.270497015099437,,351.8895096014769,12.127780239298302,,2.865342896481737,1
6.979754162893099,193.88544644328587,25473.241166665928,7.61706834269565,352.530668543605,470.44101170737986,15.796578751429744,64.34510041135546,3.072100085488762,1
5.41343360656615,157.2474816076014,27630.604675413848,6.86383586192213,353.7242765258317,352.50507908111246,11.058429686959558,46.175156759573724,1.755518645601367,0
,175.1412445503309,17796.277777995445,6.354341597010812,,392.61065491159326,14.494647931245671,99.53349602894654,3.338682959555452,0
5.168734525043467,197.51675748212526,35693.68484062329,4.548475092373127,446.1460615953542,402.3928068609675,15.774679252648903,91.51107826798714,4.716228485380814,0
7.313295392507133,168.4667723109135,11335.83873187963,7.921760170511546,349.08905465432946,504.06533754757675,13.169587637169377,76.86315180419572,4.373218282283729,1
4.060494814180337,183.6942225846456,9259.938542174565,6.247678656540941,312.13249134599255,499.4763555153931,14.862530444288685,53.00156241700128,3.7972196548973436,1
5.007720926652354,228.2013698948621,23952.730821471756,5.228133062863539,331.95145320012824,326.34260988428923,11.12298253456078,65.21553054659141,3.952605778699919,1
7.295291853803685,177.53946017525925,31109.755232725744,2.5043804587493605,260.46788789954616,430.3947288799879,13.618182777003046,63.43423870328271,3.432669276791184,1
8.107699869993116,222.74214758608454,36650.170915683455,7.055976151918982,,369.2336116200662,16.313713359644435,71.29362087384925,4.129711928273392,1
7.257052421784956,159.84938065095622,18007.706913040223,9.93560255467159,316.21942003736274,325.31960714597324,14.818010771195834,89.21602301010138,4.56738505799488,0
6.826527576417639,212.95373369328905,31384.52325085227,9.758014743276592,311.51237568468173,408.63863596605034,12.364446810439013,80.07067265819845,2.7096083058198315,1
6.548344456616067,242.1301958610528,21664.976315343847,6.368645989461965,339.2465497533826,401.32137692353444,15.039914134159618,48.76198276824387,4.2037251965131315,1
4.782217014448859,116.90737599592674,20498.14249051487,6.13646070342115,299.28078277232976,620.1373189076418,16.65821230910084,88.0239432003126,4.6972991993446405,0
5.920233687407937,170.49935182494474,29687.84145613405,7.850038809720038,378.96225736030334,460.6367860288557,7.535193780694324,71.01011424021048,3.6462217746085717,0
6.309041843560319,214.46630806977728,27675.20904219675,5.502583297298733,333.0084896616461,315.79059993966104,18.124944414354463,76.99305273374266,4.516546477454056,0
,189.50254764662424,8285.38823423703,7.582867039711145,,380.8180796663246,13.190359362352464,,6.1654304666885915,0
7.515427434352692,207.87666794788188,34845.901042615296,8.325728445415503,319.55631662297037,507.7106636343519,15.704116779692761,48.21471600778318,3.8886126214702244,1
4.355439766955899,176.67247402509375,34006.79478108283,9.063093158214892,339.36281803821817,593.075421829594,18.250914848029254,65.42679074069659,4.276779499004153,1
7.486125954092192,198.7708731991328,16557.604496867094,6.939753477632075,366.82902885137304,299.12133502096333,9.773476799139463,57.496727178252556,3.394315474744115,1
6.422376579375525,191.01832846745344,25443.490740905458,6.774121999716854,297.4476611558531,275.6060491888764,11.958844691989096,40.9142491941527,4.1113759068296,1
5.984616999541062,233.36902597311382,26298.062620659828,5.695227861189502,306.0172239479145,575.6772140297426,13.347789303610174,71.54735964167872,4.329011867486197,1
7.917514433261302,204.14146698563883,24267.86176266799,5.776991433536224,320.54723282015675,457.1691341896723,11.713613380289388,106.18490482535077,4.1219770254107075,1
8.546499283743927,206.80328518640647,17212.345161544843,6.737633772957556,277.8192921375982,356.5365814498907,20.02529070026147,36.55875608790795,3.174637650627092,1
8.396920178674298,182.81993708408103,16156.876698938951,7.687784810905884,299.4104277514186,468.77032688979483,11.472652090371586,65.48351022320847,4.130962181633851,0
5.741173715166042,180.3966008296802,21777.679582374425,8.561735401973198,313.47494418466897,215.14018087864977,12.46669562769334,76.24868696119637,5.110512832199757,0
6.5361814362231785,182.15813798977214,32202.742467556473,5.814913678911448,368.8499564092218,426.2700405277729,14.974483804289823,67.9692512264989,4.319935896321332,1
7.496895147105346,208.6224685561055,26729.321344971562,9.488301710335234,,452.22569382744683,10.332906563948908,64.18995115974815,4.7203500074760365,1
8.463317690683539,182.5284966137516,18775.655310850878,6.6662022383318895,340.93718636606934,499.9416111630264,12.99425365120433,45.212538184866816,3.7851306633901505,1
6.281238643232065,205.2727954206852,28713.7787826406,7.065812329042502,367.88681644888686,344.888323816597,15.347595762125579,69.72458788704262,4.5549221867504945,0
6.721511535004274,262.41282555665407,300.0,5.904461313363482,327.3677566756247,432.85497291226875,13.201560665537713,53.89177636774518,4.18782891380889,1
,223.87599050981416,31994.2615932373,3.2212155835632927,,351.966029915233,13.991823365630172,30.961252720343147,3.2282896308439595,1
5.205690063878993,185.56724697062907,6864.490124630533,8.514472634177679,328.76790812976765,446.43070045394535,12.553204028920376,85.1134755282197,4.218446383743122,0
8.218788733591296,234.43884550924622,18846.76380979275,8.278950235347892,343.87985632538476,354.3722942109581,9.30224797970347,81.33417311747267,3.196476602516558,1
,182.94158806331035,12258.871916752549,6.649875908610858,,393.35193286718237,15.361257597419488,,3.4763533855898623,0
,130.78001487430868,10736.27116122812,7.207185147559795,,346.3347684167817,20.091279136435897,,4.117676079688052,1
,163.74123805064306,32099.19305019312,7.925502748326559,,478.0908993458926,14.360725381585347,,4.201850533236497,1
7.542454037571451,136.13465852717263,17930.999548586544,4.599926628981532,391.33267358009755,494.67608933253325,15.043371586916914,69.58943450844932,3.0423986772398397,1
6.032320368092313,184.7515685106781,25014.583771057227,6.253515716245928,370.97483149190526,407.2303544034069,16.585985091885636,80.46428087618104,4.792108901522644,0
7.5420934082626205,196.58938813406564,21591.7909637511,8.370823487394922,372.581296868238,429.0590395968023,10.111209361395893,61.2402847860184,4.416164897074369,1
9.307054849698954,249.64599399280905,26150.255196841157,5.093136922929201,383.6813595940549,310.1126868293165,19.9182983718277,86.99173981718315,3.4203118202235108,0
6.946260941335073,206.4616759604532,22668.350452224222,7.5696926914666065,336.63496122941893,402.02586815945705,14.967685028195248,71.13257161492294,2.7706838587696434,1
9.346965483721009,188.98878307811634,10837.967649559445,4.929469112602551,341.0899440036294,421.9836306366604,19.68512776699406,69.10483109769399,3.8569744283164837,1
3.0703823438653837,222.54097859787166,30667.521329190116,7.846287971893641,307.67627228719164,635.663447282398,11.880991114770836,45.67902258060749,3.6221639031882953,1
8.232853756562836,125.24367011174768,17704.31772649658,7.042973628324026,320.04101290289094,337.04263793806695,20.299604344440823,70.59129366882733,4.058249556501358,1
7.130570602357257,203.5396658594741,8457.737481660166,4.5157890945511845,358.2466171406168,543.134179100195,16.858013130314784,52.68872132008878,3.6867690042986583,1
6.551488974301199,220.66768620438293,18275.39809959656,8.963582967131474,382.35926192392145,505.74870187726464,16.125032283312784,55.787476375544095,2.4041836486188926,1
7.137641164803253,148.68524013504506,35056.6101785185,5.924653477123121,,448.4509123592109,15.07228069936539,52.95398994694206,3.6670893881250968,1
4.018646628098661,232.60012938262173,29396.92915638739,5.80359610077699,314.5422401410921,566.6896387356107,13.479855560354318,48.9402410896124,3.731617093366716,1
6.670492168243732,206.83188503982126,18966.726430651626,7.420910715569509,333.02164631312047,455.76843780854904,18.26175447296378,99.99634244827138,4.464255599323766,1
7.53566885726762,182.71078675517435,18961.45797242967,8.937819759085944,357.6494767060937,457.1327356534343,14.763187570498555,87.30142499181446,3.4254042538033813,0
9.216841067112274,216.24901971540112,19201.775054408772,5.474685089634565,273.8019525385248,421.7503477585964,7.808669978162398,96.72588003430818,5.279366245230602,0
6.222594672589529,268.66217144974064,40067.70745697932,7.198687759756754,238.85658092137322,523.8855105934902,10.613284676366893,46.43367968711098,2.47892037049163,1
5.787259595660219,201.81972016187186,25322.838434414516,7.786106400528917,310.4279891708451,513.7175387048707,13.686709017763935,67.14005999857427,4.992710648286048,1
,203.94305876161076,25741.362330562304,8.20896897162103,,375.945817000303,15.322996644446333,45.30387799673447,3.7950312027150783,1
8.373103176553112,181.30045121471218,30963.466050077026,7.38230648844356,312.16625189646027,320.4602244320986,14.113257986630344,54.86888196484698,4.640476200427974,1
7.493126664489527,168.80498017712665,24077.465683530667,6.5127554574666835,326.94100692848366,409.76154900834746,18.32260360631909,51.3099682653348,4.032245157565812,1
6.205359694349442,222.57074612941585,19746.33333135988,5.775855646962048,314.41681523005644,361.9969148481883,7.861363848672539,85.83334410306499,4.858853318099866,0
7.769901149670034,168.60531757091624,20291.75631296069,7.237830212874199,392.55116891330056,420.9180340307716,14.773840190467029,59.66032515037184,3.6678576676488075,0
,198.29011959102056,21377.069043097643,5.384577580823029,,524.9950507747311,8.30066855622239,,3.113076068361307,1
8.452967485799334,180.71496170351628,21676.16654236438,2.4258392264086277,345.31944874404394,389.4158675930568,16.807050575097755,75.6659342334163,5.077993344071429,1
5.946920359183972,211.32735442388454,28330.377029641724,7.798495686652268,,422.57412949507403,13.988286242341392,102.85822003367662,3.88148509621193,0
6.508506780103348,206.67718736918235,22451.929206523506,8.546295745737911,286.30784217098847,430.6418187846716,15.684712907679591,42.328892429764416,4.142815609426885,1
6.411837770301764,229.20127821625277,28373.96867177554,3.319308103133058,375.60358328423104,493.87447057642277,11.449186230053773,86.14773183658878,4.93310649295494,0
4.804727577801822,179.6794752366481,21297.765753055333,5.4844308724641,329.89366425204616,246.2488532812316,18.522234274470577,84.34305392641164,3.165074911166341,0
7.444180415596864,187.36400207061212,22684.12615574999,8.090646817608317,360.48970530688973,377.46397641877627,17.73769139139421,50.425938591567444,4.434482900158621,1
7.391582908269834,164.67956109496618,4615.654044570663,10.391992751538718,289.05385344535364,442.9026953823578,16.22569619993923,82.11413338357056,3.5098820899589454,1
7.0076701849636915,181.78261567756442,29972.050769911588,7.133269932280652,269.29589059334137,522.0063165141489,13.872593085350646,71.37831940841966,3.86690790259739,1
6.64811929993728,208.07361577743526,25014.449740312535,5.9351952940333845,366.5334759790262,386.6478041995036,16.213529041473937,62.36037984074547,4.026377592999745,1
4.876943886924378,220.22363573265125,30682.687955778973,6.807365694232256,348.4327905699982,275.8757835166501,11.96725452564175,52.817032208448005,2.7998269480713898,0
6.369032015851961,166.49070962631598,300.0,9.299802270637095,,475.5769156772909,17.12333367476835,54.49424877681302,3.362507106600061,1
,223.82738944338112,40168.859931592335,6.066457313400743,,375.17100889394965,19.74328695126894,98.79699353257482,5.023836856082249,0
5.796584096167572,239.38041148175841,20785.57023504999,5.821292789359594,379.14282616100553,330.8266672727711,17.833014847931317,66.01092510331972,4.66122912709614,0
6.758071432500986,209.22991690315843,31641.190505616396,6.327610364508748,284.23411239243956,376.05236882294207,11.892311849635549,78.51408002450334,3.921141129684757,1
7.606076285221808,256.05746600185813,12952.81843400788,5.57467422678606,400.3495910834945,411.237971387532,15.49267714700124,53.34560989331915,4.1596362976400565,1
9.829278851815795,171.23874562868565,27331.132974044354,7.296272505591673,296.07454987943737,377.620426836943,10.032632905596463,53.52235286045378,3.740490845603563,1
,156.17104949403466,12835.284600389192,9.699485533551297,,249.55471543207446,16.18888802687973,83.31175694799907,5.028135040945826,0
7.386325586084147,139.0809520350631,16573.210041946495,7.616926836985646,319.52664249429165,497.7652957509706,15.786991262446378,44.406780615175485,3.8137249893205523,1
6.888331126350749,243.87341796765386,38652.07277864104,6.69623439659794,357.73068467437605,527.9900033022977,8.129606079543858,59.35657971351566,4.150836831865182,1
4.121843177051438,216.93970100332984,20341.063113358883,6.633101969735129,,478.12175930716046,10.466113315089201,66.54443857715572,4.863903512430811,0
6.960229186826175,194.22129053086545,23891.66599666359,4.598894706085348,326.32549085103597,334.98514636601465,13.365641640745569,67.78196162944084,3.363650241820193,1
7.09034531491154,204.95899604223425,29569.589256992163,8.512975643435453,334.67768619122455,409.88067728419855,13.307162834435275,63.1345074397415,5.185855563907578,1
10.69486316872793,159.98435048645194,26312.43242536166,6.975460484779516,291.9103143129596,425.47829478164334,10.308726113117944,72.33311649753477,2.776240100400166,1
6.711458552828316,274.26406334773844,23308.644474749115,6.811232138254999,363.37379816222517,473.90355116495283,15.583629806862207,77.08569209308499,5.241120862267984,0
7.452321013500419,200.13507782320727,25175.160721456163,12.208972108551777,311.958243774665,479.46723909744645,15.129862909503691,77.75420072734929,3.67931304451746,1
6.947932345442135,199.50063342735658,42909.715591572996,7.578004653385098,323.6274034710592,367.2660960977203,13.658911864470888,50.22713906131477,3.7806949766962803,1
5.246982943570702,219.22453196475814,21498.716465807807,5.897134319847705,,432.55964451308483,11.805888049477403,61.453518433139244,2.495792066477305,1
8.71423422177253,211.39229541557484,23749.561706420216,6.41782784607113,227.94431998939228,462.5824323692193,17.76073351717466,85.116205790031,3.6152601204453996,0
,203.1642887769322,31140.693245266222,8.937513134714807,,542.4657857717414,19.762843473191374,,3.1589509057990304,1
8.186547920564571,170.70481742575,31618.07561673446,7.281232656860423,431.91723228612955,482.36052318597785,12.704247103306429,44.034248776302974,3.4960358506086915,1
5.635918817807892,211.08698742835188,32327.163658375306,4.798755234692212,365.16877580381896,489.1245349900415,12.279849173389092,71.62367840563523,3.862897446684674,0
9.10419146640415,256.22478388720106,27556.952931653905,8.570766295320325,332.21032443088984,432.70613023434885,15.920985295859587,34.348396010003036,4.717077459288866,0
4.8972234058115784,239.05344147695928,12055.857259244793,6.030969463137609,322.22147600246103,538.8367316162803,13.118503046834945,66.75095843296592,4.1319306140924885,1
7.880285640700405,246.98197205246072,36210.85433101954,10.097276441948072,333.9211016052939,458.7810236767598,13.839989237811327,96.36427226793563,4.209987789652869,1
10.285683438714969,179.6410983542021,12026.795080737415,8.828076905143437,355.4318837221836,357.11296718611436,16.740855400691416,50.83371652369622,3.1154948767004615,0
5.514195512303967,164.3326457517254,24632.928547579588,6.384284966945998,284.58667457233736,538.2695976100152,7.999124911225935,52.65083127213469,3.283011810109871,1
6.150553405595842,191.97481855681127,15437.800104831585,9.149626178776181,378.68718948142373,481.8322618031222,18.65039767201381,78.22447650516575,5.373005514314023,0
,197.78319719323824,21441.996384640966,7.208568816843845,,390.5564783097214,14.539845730286826,41.315175756645665,3.3965431928846677,1
6.244786518825701,231.01412859107035,24860.23296964028,8.46443788019555,362.4456147540253,387.6405626080605,12.942072622944806,55.87591952183938,5.261842436604691,1
4.674004853400801,141.8411318491258,24795.807774417375,7.875572507671159,350.97750529119884,449.72604361126093,14.00552729106922,75.54305820130804,3.780412264872924,0
7.102844462209041,244.94561022273965,25670.710561846976,5.745829352014602,333.8042829654536,463.0547836214068,14.176016871567713,55.85142643696955,3.9717845901919335,0
5.406544429410843,190.94374724547234,36039.28804081023,6.07032026829206,360.58731067463964,441.7833812504965,8.587035698631748,62.224480204624456,4.804884824979346,0
7.710388645952772,182.33980576168256,25945.748423171623,8.747937308129858,357.2643794833965,450.9046938754308,19.233296150595677,77.90697136504055,4.962076089112152,0
5.620863648649295,163.61265999167463,19875.837272971356,6.564359468629534,318.484330851418,561.9965899661104,14.436374586493042,72.74473733658498,3.883566202982312,1
9.324901607526309,143.0445865002954,30387.558364108707,6.454162458812805,,511.72345217879086,15.761907030476339,70.26909434072643,3.6671704182531997,1
5.825120061495644,222.34145868678127,32348.393253644375,5.571803873041035,337.17610810574143,441.25084730120193,17.440114242894342,60.57404353167938,3.926382050152674,1
6.516907725691486,198.3461749500289,11319.812008308165,7.777758504949538,396.50982621130265,501.30484646139865,10.93016389005101,71.92097784430328,4.233606872021053,1
8.220275826054504,154.72125120828628,27197.380607693765,10.400039870789032,282.19660989819005,343.39808771779684,15.862457266816254,64.0202771184039,4.66521687575841,1
5.1537035253490675,154.5574792939643,28100.202858104814,5.391947337193163,272.83146410415,457.8341639957447,13.416784400033983,73.32488975881256,3.9732992900154382,1
7.341189901906194,185.2548896227159,19411.19752076807,7.138751130676413,339.7551944906972,570.7445079786488,17.09434355821443,58.04908759811235,4.45273131245806,1
8.960714131423643,249.40868880926058,33968.64927581109,9.359552888664687,335.08639577609677,408.5563283686101,7.280149512840066,63.07889640992734,5.247920591171334,1
,187.69307675636463,20694.51639281702,6.972573774006856,,358.1892857104732,13.972988809203812,,4.2674214975665326,1
7.276950787798456,147.89942550022062,23092.51514520242,7.823794873999574,343.0020811142485,373.8328889125552,12.310691835912927,65.43987823990022,4.213089227683727,1
7.389824191372635,188.13622194924977,20494.275128730333,5.400170354964992,323.848707559973,338.82935701260897,15.726467737092714,53.02398618193848,2.785249556429747,1
8.172734307665966,187.27284576807455,22135.53771395877,7.785291355532237,394.08440098268534,363.21904734978375,15.851145818315068,48.17525679740811,1.9180304932733305,1
,109.6996274258697,12462.406744011745,6.800569175992722,,396.3593521127977,11.964834547087314,,4.2729330687995315,1
,194.26256427143002,9471.557321429638,8.67716799308778,,313.55463846570865,11.949826248219058,69.40383641372256,3.8960370996009197,1
7.782912348425347,188.6100950333223,35872.19405005726,8.999817682503602,328.7665548338891,427.24946671596825,13.934804283760814,78.52597975917716,3.5684695135665017,1
7.445477009849779,218.2786036740294,14631.436269630547,11.243301827229782,265.62925874267916,498.18217390293177,11.341080649859814,59.10199088679842,4.159953559265349,1
7.375739275518815,255.16659503825105,13374.886559730128,8.02741307714172,325.78996941828507,353.3795055882464,17.07854619499202,72.5288455493881,3.9228850912264117,1
7.519672314245463,232.05008094552824,3265.5060116476816,7.621274106531466,401.12027679484873,547.5427138913415,13.081616238523429,74.81276115637861,4.849668595494441,0
5.979962917632264,187.39556190224542,16441.03279510133,7.411014882523737,333.8563460201344,466.86336708220756,4.706938876238585,73.11638092530552,4.037166477242003,1
7.348380545741505,160.59117092026656,10489.118797354764,6.5349339315028985,342.45873713446605,508.4464468499246,13.063087213148041,52.78954107516573,3.3873998376452694,1
7.439608709948022,278.34751370399556,36285.53189318641,7.641574149538705,281.3332446279242,373.37323569182905,10.872805391214893,68.38981571633903,4.742329666388246,1
5.928472872960448,197.8949898884636,30785.408677280917,6.627357743777552,307.72918227038144,494.36201816532923,8.91678980897888,71.82624473687459,3.8006377615419624,1
9.798661766717135,196.44573734121428,16013.091996953804,7.3695375620313825,317.61694840671856,338.645287968375,10.216492093865511,66.11485547052708,4.3806986132644,1
7.710749381367681,195.2279972124799,41596.19150649548,9.208156056972735,319.9736810329944,497.2198000669207,14.661047957048801,32.616357466062645,3.5976196491696157,1
5.2130447541960265,202.33871234457135,30541.359736826867,5.489531895552574,385.5473955951545,439.7471471834825,18.684514733219164,68.56783398357568,3.463135029312,0
7.984830412950744,191.38046681843383,19173.966963474984,8.923805697806472,355.8653334897301,470.2600975987827,15.333508763754434,101.40049663035587,4.035651219544843,0
5.5379774946590175,177.64281577983243,300.0,9.207384107743785,287.4302237655817,331.95243155001185,12.29853881888806,60.239371699888274,3.9800063419640748,1
8.180626905613678,178.50051388030744,41931.20038153946,6.911090356814274,343.1066959157122,354.39441261787164,15.80448384406332,54.35076643431486,4.34426508758613,0
,194.95189535308805,9910.719539156715,3.705032161586248,,473.77825746027077,12.785001976277329,71.97357695538237,3.760456312418401,1
5.7689765224724345,178.61040732371953,7685.030901475042,6.127484820648908,379.74611057937193,350.13215966206394,12.007818781761625,70.99805136746515,2.5376393686590903,0
,173.18893495433073,30896.36275848387,9.175191274497774,,463.05650336792985,10.490603194831152,85.08376264666263,3.632436370801057,0
7.619171390404747,199.4057672861407,43225.84593515167,7.0634111003217885,,316.62897548318034,8.518964937719328,45.874109505457795,4.589178404372176,1
8.233090239991736,187.84072904253264,34043.173521041506,5.501116428328142,299.75484204037616,493.85393701333345,13.01325176835383,77.70208404119988,3.738046658190377,1
9.845189473980922,244.12777563464604,26906.009344455528,6.292360126034851,281.4393077845007,327.3981348185193,14.821576516736435,75.44675298002342,3.777820946038653,1
,111.16896613142362,27174.362772487988,8.444992042407284,,470.18399501436187,13.981141888950864,,4.7393736746066315,0
5.869395753463765,230.9282192615188,29424.715361388677,7.974773709122207,352.1206933522997,476.05047469168005,12.927309137773717,71.41899708674704,3.4146608827380405,0
5.665728355561715,235.87472615992414,28602.678731144857,6.717708641328489,373.4807151801532,370.258254525634,11.179037999700624,82.47131970557372,2.7666134897705383,0
5.776284572551843,129.65151256293922,24446.36538853357,6.5130809410965,329.88600803065657,472.56212536677816,16.307212432560398,79.9570460804552,3.8447077267701144,0
6.884347435878844,185.03399698942883,22906.549604381322,6.473186961529884,319.8862515465514,446.8353810666845,9.95346466417627,47.711691006820345,3.5923443180259853,1
,184.11389228813468,21455.439787274154,5.624143704802395,,382.89265150458095,16.86089211568347,79.12253098808775,3.216327870592462,1
7.415036198995028,150.9596257690297,15440.508076859916,9.684601103151106,298.75914103316904,345.3156252739034,10.99268383754181,64.9649823194797,3.8332048043990214,1
8.240774873554036,171.109865997092,19558.126831259066,6.584287249261855,418.6710875894857,268.98994466619365,11.816963716734985,67.16598556824825,4.353374404852492,0
7.0195028378168605,160.46157294509348,7271.275716500146,9.047453633320794,267.0858978881596,453.9720037839755,9.459608870968268,67.17115185602711,3.962754921977104,0
9.180301115735976,252.07265418955592,21144.445246885676,9.534105683075921,340.5743637347247,300.8157782910356,12.645372915277399,63.59611217922784,4.209445236695266,1
6.603014750143066,225.94170858071877,13399.257367787019,8.697297437036736,415.9678549884152,433.62753595530467,17.518531112977332,85.06731995371304,5.38445800484203,0
,236.68976303981307,12398.772940222792,6.409407499651122,,404.92414271342005,16.001572691865057,64.66051264241261,3.7025544879851,1
7.938501021647509,219.09350604938354,23565.079115035263,7.745968144538574,,480.33142203505565,17.528792969692518,48.0872619458693,4.187111935022842,1
5.714263665375576,159.87034332104867,34110.41989119801,7.061287029774534,318.3447376647725,401.83636004081086,16.02307040158199,59.70352230448434,3.5728135771726754,1
5.393661252908331,179.21535147904723,29989.354472220122,5.654077022831794,325.6039410477413,399.64417709223267,10.657889565849782,68.85911546896762,3.309839418488161,1
7.723708622864778,211.65998595929338,8336.64474847836,7.618974850754564,389.28678746173773,484.54965634306365,13.208395559719062,85.6674365487528,3.5137720303341395,0
6.664805822011224,156.89191011545773,13390.235211838064,5.213536334144315,242.31366163549023,452.8046423267294,11.725342873912375,75.64951495918133,3.596568314213083,1
8.071000741138137,218.81594976551642,30184.70933549748,9.000287021538501,395.87078175314934,451.29247657462224,18.690897183328833,52.3914355400473,4.250391122086758,1
7.709856436860317,188.30958725893967,13452.359676216707,6.356612324322571,274.61775674954407,463.5414071846821,10.350597466793172,105.76303866686226,5.802279113626591,0
6.890756631014691,184.00573415841288,20045.691595025884,7.421855449396542,,303.1542301434315,17.249202374984066,70.23640497564767,3.4114861197048447,1
5.729809422897393,218.75071898251173,26785.4532615136,7.553260594473827,315.40097876775485,486.54309439895854,17.24674777135894,86.40625180798423,3.6450322616199395,0
,210.21642596755328,13575.403242686372,6.685752042073476,,474.99750352108816,20.33774666566309,,3.9207640497732266,1
6.330227571899468,184.44908269378945,22916.766903469852,8.038710082360438,267.47690157276634,344.66534971388023,12.94803424432266,74.5337479152872,4.278723101993603,1
8.284598191485209,233.09855370765592,10393.97819421162,6.34015414940396,351.94907930935966,406.4735621060639,16.650663126614536,79.43149607229448,4.1755696333247325,1
7.321140616195306,161.40597351680327,16768.10149762444,8.49407567593159,,422.8554169897895,21.82945106057818,85.4911153880681,4.971594719279532,0
5.131391831932018,215.70993942221645,24782.10282704007,4.946432511605202,277.10986581169476,415.2402572478614,12.261782466118802,82.9178928860516,2.077414184982538,1
7.259771388776773,214.97924025498827,8140.954518274477,7.3022073272742585,340.7779528720262,452.70879732548275,9.234367183143213,79.95515200116765,2.1081947012473754,0
7.577976069593255,186.0945139419523,25832.130220255473,10.202286398493255,305.85873071033905,540.5093425464947,8.095966888104382,60.95861230089426,3.5832150258320836,1
5.674213845698301,206.43625671174777,21829.151149337875,5.49946988063108,350.46137545391446,512.5413382138263,16.651949695242394,56.85206332870302,4.825894146284093,0
7.230587658918292,155.9643655556703,26806.662603429184,6.015608047160237,333.78505887404583,321.0224645254875,8.085604313406675,71.32172016518716,2.748794535347635,1
7.087313077669,225.56886461462082,23948.052966362553,7.922252559454264,306.6990367291833,475.7655992244839,13.071347125304856,80.9300491574571,1.6240467750388694,0
5.2855445532540655,190.08313163382434,33868.02174077244,7.387330851103356,353.002763679714,532.3146655628327,15.743133517228571,62.436468787574285,4.415519936850983,0
7.536681040522425,179.27286334339072,23089.453173036793,7.661008158837694,406.97827250125647,456.9446816551362,14.911079271538718,83.04275145143018,4.1600526344881175,0
,229.56829522678046,18264.171792210298,7.882699408236261,,513.2784340148773,15.703968051807768,89.24186792777887,3.119637442696445,0
8.624576864762915,173.4610019026317,23063.988276380867,8.115554349698831,362.51007562807547,586.9816356560611,15.033556524142819,51.33886529482528,3.2012791114376746,0
8.580703078052355,150.9292385163661,26726.692852616576,8.875519747129957,279.9758087272823,507.8967636885585,18.5202571839342,52.60926873925952,3.2135998986849543,0
4.933495948064364,146.18786644723508,22425.082611833626,7.755709851085619,293.7861085504616,445.9446876513383,11.15735594356197,63.75399905751462,4.056217547629673,1
5.593262440127316,215.39231844306047,22353.147713473776,6.713987752610332,352.3686573930955,509.6070779267803,12.065916043086848,70.92180269102714,3.481474084577255,0
7.77255290081299,155.02626072011896,15892.672316081229,8.17611792192437,393.84875716997453,437.5910266477513,11.75022383060628,57.60692777972719,4.355369856800905,1
7.770678926368313,252.15341382349968,16232.762017306752,10.139811095832345,,427.9122434627964,17.039632979146614,87.6352428618743,1.7433912029345753,1
7.772571529459071,129.3782589477209,9797.334135342666,6.887786005787882,320.16462074855065,397.8868611429014,17.271315341703712,72.78506978429522,3.3016555452003167,1
12.779097235982082,250.28660378528122,37221.31766572637,5.540753112526973,332.9709476223575,551.0730687065686,15.789043553751078,66.63115277185183,3.091677910489381,0
7.85633576603975,202.7525589504838,11178.38985209582,8.871329070859156,281.7332829072416,360.5257067246399,18.20552910073676,43.025447618103556,3.770054270869456,1
8.703348460270899,192.90518042014745,15971.724779175605,6.907390137674242,357.78512838057003,548.5894179742493,10.412465137657945,44.946946937159886,3.5503227483776922,0
8.431002645239804,178.56258922211362,15749.856789547983,3.6237287263775415,369.17565555525977,465.98912989922974,19.80183956811875,70.4961480045089,4.592318148318698,1
,208.77235565926628,29785.842079416638,8.455874683440674,,314.0555060158447,19.326687451650454,31.87846998152262,2.5197173181051555,1
,194.79568952240484,19433.93779885936,6.243474902473723,,455.41194343931375,16.727552590910964,82.20219855430514,4.005483351537987,0
8.138453830739902,231.30566022452868,32855.35603226149,6.955146748313342,343.901007415734,257.99787938787006,20.1799363989445,63.46953849004287,4.4055024101051306,1
5.840762178193643,199.65528475718526,16140.631569078345,7.631168528910423,315.09449082233556,476.04064134648286,8.833143414663347,117.88948751351573,5.418185000518325,0
6.644772089889987,200.80965636678008,24427.249211347076,7.404799487646506,330.28856280034125,496.81851863911925,12.56932115033325,102.92666000985777,3.5942225425470897,0
6.2719546782563445,184.3644092091566,14732.48063664011,8.235122907422463,419.08859335582713,378.6115235478357,11.873498579749558,63.09681489203973,4.223077711394963,0
7.122811209079484,194.17774004092584,40662.797411628475,6.403221807088251,322.87194626941414,435.8838156764466,16.68088176839923,64.29860795949897,2.5629870218013555,1
10.471987850010263,205.84965660454588,11667.89375444324,7.920969277081732,318.3080537671299,582.3325947000229,10.83453555931292,81.92930422403248,2.1042741606358417,0
4.199102211112378,141.27461143498797,24695.44017897514,6.684725315865732,,385.5402636590451,16.799733992813703,93.25076175868861,4.628924013109726,0
8.029390285561771,152.85806649261718,27513.858864109257,8.282096769420004,363.5118708314974,341.28739303547195,18.822769275189156,39.79153508102373,3.9656629709545053,1
4.5809261932155225,219.78445100872688,25600.052147828035,8.084587974420884,,544.5330721970079,16.5941695702772,37.41799255432501,4.88923989804277,0
6.29210220131585,201.46769402009414,20387.99736776394,5.603298076728647,306.37570542882156,583.0069752424636,15.236378378082954,56.047443111129894,2.8987457466035957,1
8.63342589545105,190.11253323671426,20870.559912319193,8.837571385880052,387.1734653231935,426.29565374782777,11.040017975027528,75.32380133078183,4.375523668832427,1
7.096420028643194,196.58988585809257,22381.159806218253,6.242458487817522,391.2037231850591,506.91704283266847,11.505391811786298,73.94997744812156,5.427677915624206,0
5.38338283310604,207.12261457157348,20721.082585832148,8.392892477249832,308.38263380471307,533.3180732424705,18.423742387479003,83.1163432797416,4.2973703745186675,1
5.927044436110048,178.72769023010042,30385.748316115714,7.687659701442144,256.47186199421475,366.60126139692926,16.871851712887597,46.804839546155065,4.185733574361018,1
8.019396623402013,171.094248787126,41231.55011384476,10.041093882872197,374.3080612833138,387.17553317057053,14.171235586054106,28.941698192497974,3.9766737430429933,1
5.904450052424295,202.26704816312582,17149.82147043185,6.742454428205036,304.93017714383984,524.4699610523788,12.920898498972562,79.72822712483432,2.7447124634417888,1
7.324687884372962,164.69207111631897,10082.714077662024,6.541093126210884,365.4156495656735,560.8011422966807,7.6148340187324575,52.74885963255625,5.027346889854072,0
7.06835775985572,209.0640881828631,21231.946179344082,7.068928630579627,252.22574347381476,471.0304688139484,10.766187018341352,33.70419416978179,3.493531040952049,1
,141.5173246643891,44443.471237592574,6.614912347465159,,355.61485171983566,20.607682987561088,68.32101993535011,4.363496939978753,1
10.215916133987989,228.9329803944206,15008.03125866334,8.37990704310728,283.341950899488,584.9648889359553,10.07449661569186,78.69081101149884,2.7508332408744227,1
7.950878533477017,211.12311943721738,36260.31620736339,4.513903026501459,362.9613288817275,383.52232817504284,14.925283410029566,64.04708588605956,3.0500214616839316,1
3.962286120013589,204.192951498044,36595.99708246504,5.414108129365833,333.5851957812938,399.18897750628383,17.624565111544158,58.67442582108017,5.089368171393344,0
7.279681472154142,227.44611148625646,17183.782297140446,5.391515325473291,293.8884838047376,453.3870267591697,10.158755195592436,63.45020428566549,3.6991042146128827,1
6.007320302847418,249.29518222280245,26950.152788911895,8.620492147157721,,550.3328336571819,14.909544566777576,60.07067580158748,5.103554871313185,0
8.278650002194336,228.4598420805802,36167.05062121828,9.83698139613108,361.13905673522476,494.3180781241779,17.39512127378516,44.431246208957326,3.908980085934356,1
5.811218892350949,137.09202459738736,18701.588653408864,6.932881250340046,337.3416725777246,459.18924002895284,14.341247762293927,54.56510916815309,2.5333197370928713,1
6.827895337799651,155.05353706445754,20228.850867109453,6.829885242895982,356.9609321993719,463.0630824094485,23.765730083700333,74.34047848022104,4.665812727790742,0
7.757480918470685,176.00580551373827,16939.376048646798,7.2120834609810895,414.0340639651349,429.4811734914773,8.793622445701956,71.146856662024,3.509883992150626,1
8.298632791255182,196.83491360674668,13171.616442972057,8.959005284173104,268.8660939198469,470.6511611614805,17.7938041486168,68.68895689546912,4.514977274543294,1
5.199555389416336,212.56508865501195,16351.285357925739,5.6162349852950815,399.3057155737136,223.63519378445577,13.729754266591668,50.07762429034593,3.989664476681264,0
6.498248146238577,172.7761979790891,11351.719679168367,7.481390372375656,337.2785934384517,402.2714032744161,16.84733651096103,63.09594940582932,2.7663677822045614,1
6.287582033258566,201.9765364632665,22296.526173855265,8.660316207651887,296.14985401875174,445.3057547933425,15.756313600607513,31.166959256914325,4.098149916989044,1
6.020006151139432,171.82774616469368,15301.232889789815,7.901750671903752,,333.91887331043944,11.880584549537012,68.85562662216624,5.683054050879184,0
9.648181360421646,176.43143030425765,24033.937432579503,7.403330586557989,325.24606397814165,456.9058654249248,15.055688095115823,88.86172332501708,4.354529437641278,0
,150.98684490085688,8463.707878028443,8.701673748107426,,409.64230232111026,8.168925210385654,,3.925136152655739,1
5.108674068497432,166.45653612445108,24878.658020265775,2.7748283312012196,,566.4380558652392,16.2907167518856,56.62515722691592,4.808767853526381,0
8.376792920582163,152.74609262027732,29251.701965997643,8.184600511249451,394.95735214014127,551.8415780171886,15.283922937768736,71.26570845936207,4.1343214028584265,1
10.18323429551895,164.77205590472536,4654.499909628339,6.053478906996121,273.5017967078861,388.73555447054696,16.40757855652224,86.04548215083975,4.13343669960498,0
8.54869789082672,229.71653749145088,25254.292157673877,4.170987365029669,332.5043531383118,413.9329830746644,17.791790472787596,58.82840613919761,3.1185323657159003,1
4.72094505106898,165.61923555737783,32680.72023451764,7.917924159239969,281.6518687790621,420.0841947513286,15.513145472692047,54.92399473174566,4.152401460115887,1
6.273648890700623,280.2362260747965,11476.123137386512,9.297853672260732,347.9089071876237,389.8672419072302,14.788695085334313,34.49722972134267,4.777645864805217,0
8.900366723779934,211.78617282818846,36551.37976548802,6.880082376595693,,441.60199872225013,11.392474489017737,67.6550100689297,3.317871521361981,1
,201.91475595823596,25645.465381484595,8.624599275524702,,365.3374344889928,11.949671479958132,98.6732166422999,5.081106740572619,0
7.665729142219343,168.53255103420116,15866.396854901843,9.679645212781832,226.2272318782875,335.5507732049979,18.216224246585192,70.43773539143481,3.898469301166802,1
8.161951080144005,218.40991614108773,21514.80902437796,9.203863125734475,341.15687401865625,475.8168979120215,19.03990683882973,65.64353633306058,3.2775397809999385,1
5.609604292632875,177.57958956039124,26857.444138938983,9.723943246994228,,476.3623667377449,13.514235560170222,71.15331697227177,4.748153019997791,0
6.9107119659073,199.90431406865156,22661.24690528798,8.287403985715027,349.5760849534296,361.6547392272006,14.451809065935805,65.82252793682237,3.74630049612415,1
2.138098989896391,277.92270522460143,26687.17713428341,7.2206938222425485,383.6670698647083,497.62843446100794,11.314772562520574,52.991770043837924,4.562421612239165,0
5.463418537998566,192.9260832088112,13990.139740209514,4.53685470096453,289.086799134389,375.4737816667735,18.170097589382568,79.17247865084329,3.742428266838341,1
6.62114777291026,232.77674644114163,23473.439169113877,6.706300018992082,360.8888603234684,446.2532190430385,16.49587551818287,69.61218436978807,3.9233356080466755,1
5.128325227052725,173.4983543959716,9700.683876926672,5.750805447494093,381.89280801159697,491.6275210089965,20.70601754033037,66.28181203093851,4.354976959380748,1
9.448616955897453,194.88036830409723,21032.33326626631,10.573508347996501,260.0779090557328,423.31099482370297,11.401533845306862,50.394143563548,4.196899704920205,1
4.85478793305905,252.66562034033632,14136.00351925633,6.818582700108261,346.1057248626781,462.37927297129073,13.052573933239884,86.85612691095615,2.413485211247644,0
6.339933269954525,175.93705415079145,15600.88949946903,7.297127690855176,312.3286269286855,384.68562848899427,15.06377154433439,76.63524392532976,3.0954298827263744,1
7.196110865929137,253.9983538559017,32754.010624330804,7.982376601664748,329.6575704028325,410.2826733257522,16.433415474495042,57.15326660212317,4.694939788136836,1
9.161909933599173,218.64806193457522,31494.39804917014,7.169763914195926,347.2547358250718,409.53124552957274,13.588296796092814,82.02919765891099,3.866933460656793,0
4.846206773230841,178.00106317138344,27299.50165189244,9.812081664689204,313.0236288713444,366.2737322767809,11.419228401502789,58.038866585836686,3.5614895838382914,1
8.74474562823244,216.23704764977668,12496.878947348563,6.1037610212248765,305.2959687543739,411.85806695073745,17.208644845447786,53.48794411982341,2.91031226809917,1
7.015349591529381,227.12174238805537,19247.246487655222,7.411371928379588,334.400249117009,302.11053609090027,16.67974669640042,53.84475012031541,3.1278056694048386,1
5.527737023428074,215.89791879095029,32553.949989818895,5.912047062883122,288.4229165066251,386.7077002286316,11.276295468139708,37.66290315059054,2.392997060829681,1
7.693155211394906,145.7528089635054,23232.93714866717,4.98796398204687,288.4811697157074,403.2099605304263,18.772961243648137,73.54467808669129,3.8910010394128047,1
7.298589543360205,172.7316103736042,42178.166997840744,6.121169454551543,360.85430460121665,405.5056198003696,18.16165574034879,36.7016819465864,3.5032186871467834,1
,188.07940366235184,25421.865202731035,7.04074112472254,,406.6802043303377,14.743178440917717,46.3448986997478,3.216061445031454,1
7.1047031274850285,193.61813026879852,23670.827313463276,6.4131164407723835,360.31881253727767,421.0588640111897,14.562672945840921,32.79059185474347,3.916863728368997,1
6.42202960470736,215.86150712162168,19310.68676143824,5.99212643220183,351.966243007012,464.3553214468851,16.128390644682494,64.62288491534571,4.253897092065136,0
7.170276017876872,201.68643202986414,23161.805871605855,4.849892058125065,262.2419241195855,495.9613659306018,11.456379868154349,63.59487263565005,5.602694387123757,0
7.99319601178157,153.26898052127677,20673.51242348927,6.967031083794088,305.21984925423817,374.01878185213866,14.399103881241471,60.77286058901817,2.7907309327406935,1
9.379025224218028,208.16633123219083,28160.545487190735,4.692447401550396,381.95848552494226,329.74393156886845,7.197134302789706,49.31875688527078,4.8743172137744075,0
5.143276751759727,215.53874384908235,30323.31015611288,8.316089541903363,292.77221322327307,342.63644702055177,17.19230363015969,47.24425994501376,4.729019217591756,0
,213.91329433379326,15161.89169358084,7.231903604695205,,387.02376630440585,9.147072365941865,73.42991781674519,3.362307663286174,1
4.071868300716247,230.5849832177479,10418.27330404733,4.76791760085611,,397.8462945746793,19.261285433815697,57.1911690926642,4.128524044577104,1
6.772322357446625,222.68550894556492,6025.01325400132,6.605265476720218,365.1190108805864,364.4003147042034,13.210603689910714,71.06173314457831,3.6130460655166603,1
7.882475809726865,210.69376253531,26419.52454413913,5.896549751055066,322.68690567217567,322.31066686000844,13.601498959627117,51.83602102201244,4.114837092726616,1
7.421487801602549,193.7546972333233,12400.7105262873,7.610679216670689,308.5020820176427,389.51033380206496,12.228478109921133,68.89700388433732,5.1471221904555495,1
,142.8492501274883,3269.8518413134007,9.244720713637031,,440.51412960911773,13.349471716057149,,4.442372861452425,1
6.687816624464087,209.74778301224273,25380.633859419388,4.099724048566808,404.2948862157007,473.60235726684516,18.98115343898852,75.37865280628453,4.366714531122085,1
6.2604985980117505,202.64600598921956,43689.09580166527,7.284041726635867,373.1331800820536,381.4061557513343,6.090231433434239,59.401378908536316,3.634358730435379,0
6.115952864583683,204.69052279025195,21947.18306960293,6.843787527093375,336.49804384516597,392.96017422852526,18.51398577409102,70.11518352569483,2.812435801359019,1
,155.1440455737501,29294.869737729285,8.174144122320744,,351.8641352922151,15.415477487635638,,3.807394795778482,1
7.535523228947571,161.4061907069356,22711.915419363817,7.441114605180302,298.95177933118083,423.48486637001787,10.31682856207119,66.12608295511565,4.911154360793854,1
,229.70089130665292,21139.66001723706,5.896849069217889,,358.12570926473484,10.751469102937516,60.79022316562394,2.778809071860075,1
8.349399813149876,194.73423507658703,29995.965401993584,6.58951370293341,350.15432705643605,471.850225059296,19.83209698978707,63.37063670583374,3.147030292822178,1
7.460949281314914,217.80802231592398,19474.611465558733,5.826358629114417,390.4655423108036,283.1306806452711,11.179827296188988,69.39349364918681,4.068488834262573,1
8.21929317825844,196.90618803617477,24326.313132425556,8.821611421757757,359.6684537939817,397.22962620380304,10.493943315033334,50.10626080668879,3.2019692678191354,1
7.944443262885418,196.95219646386386,24798.77091390532,7.134098637875107,271.37370762784747,450.08858713533937,18.053137989803606,49.74593876816034,3.351831711250134,1
,226.0250817912319,16187.613053305475,10.141905097204813,,440.70676130580034,15.417224491743518,43.78331913870062,3.639593106252022,1
6.159728439704546,179.48656869704405,30630.768440967746,7.002942697896606,292.0795142801091,641.4426931184397,11.204845597429884,40.39566232794064,2.9048184247316833,1
8.120940407684893,199.07586486211147,20477.850116749945,5.966549172943259,317.25717784995356,453.9840019654326,15.014862418835243,46.523476924472334,3.210184959951233,1
7.915555398150198,181.20719076143865,15425.01711241225,4.678056971819476,343.2582084563195,345.67563225263916,10.915016143987085,68.55140010886606,4.518673775094101,1
,182.0961207221659,26667.63563906251,4.214976517990488,,418.36286023287414,17.932710614794598,,2.950251569859848,1
,186.10649204900355,14183.328558417976,4.565382491191215,,283.90029332268386,17.802524184081342,,2.723659735094027,1
,203.1082806922788,22245.176069111414,7.527402641618373,,419.55202005625915,16.055620456112415,66.555419980041,3.4785805159635625,1
6.112642916746255,180.68004410676872,21920.66472919543,7.913960037167894,325.4889386324641,359.3555154399393,15.493481502115156,34.50393258499114,4.54092529195768,0
7.820646071755057,236.18419601835268,31447.29142273473,4.570094876748586,354.9147315877026,499.23122204481297,20.111920812062333,76.47960934754704,3.8164009897624265,1
6.6967110213491585,167.37256632897586,26129.87462605559,8.532061302521784,369.39387246082725,382.03677803235723,14.298964880381144,78.97277832946736,3.607626759069818,0
,190.02010738683651,21782.26545891725,6.327102317306497,,416.6587267363803,10.399815386111356,,4.004599862062173,1
,181.9286061352264,29114.566803042497,7.3348688191768785,,375.15537268764774,15.783263912346612,,2.6083482023694717,1
,242.30329229931945,34094.805676450625,9.679553005208678,,565.1081081482665,21.183955263472477,,4.355870409944526,0
8.220264454000958,202.2897528483704,26852.9496652612,8.53494290538485,353.4074666527472,400.30057871056704,10.951293672486688,67.56272602797337,4.269079324494843,1
8.958218210731493,229.0190252629963,22090.067792637412,6.670350963350668,360.3028943342329,572.6045634783361,13.107172869909848,45.76802548872055,3.6507393902053376,1
,148.4620680628169,10587.024778553612,5.674092439335539,,491.1321409694613,15.674271925734795,37.31029675944677,4.754621119201206,0
8.022929456942446,204.54560850781627,12733.511131244259,3.6570953578731116,367.3965605192541,464.5653381868309,14.122113998281062,59.8749249661925,3.09055304281663,1
6.534599865109816,224.46818545994998,19344.545072114393,5.949354689212127,307.6926193515761,455.4986517854016,11.058398184754862,64.02033685960262,4.8497690147377845,0
7.486249528732663,198.6330876568136,16697.243841214236,6.762191617875689,310.10962808821273,457.5037838573001,18.002130925560554,59.637124902166335,4.090505059164296,1
6.804785418448473,230.09537200209124,20373.34966402662,5.520512756558105,287.89367644816053,271.7861936523512,21.956134382656955,47.055511068439046,3.707488979895025,1
7.1454939474890775,179.4467695967881,22492.854346604832,6.889988852652312,351.0195504554293,403.6893284679395,14.947233814778896,59.601615005901806,3.954498564412717,1
7.89273553815537,241.09911808593856,26608.326962903557,7.222963012734029,364.93639664399666,493.61263769474573,11.3165746438712,70.30871604129175,3.8863334826674656,1
,269.564739955816,21386.660630885908,6.740230429107074,,422.08822532207154,9.188430267323533,,4.921820659205819,0
,184.3891660659309,26232.564301287955,6.059995870682464,,313.584812255714,15.151320738029897,68.92001648958741,3.1301902805726094,1
,181.7439193151753,22560.927408848045,7.369847475146764,,421.8076439538024,17.942795232943652,55.278156792732275,3.3752349934656536,1
5.1787170808184015,242.50830326776642,4813.4408727213195,7.807105039311054,360.418407879293,562.3284413004393,15.86805356343476,84.74748663545856,4.778316255816534,0
,246.5463086633828,13827.782073776838,5.355361476091446,,525.7513372427776,14.292067324967784,47.18122661512351,3.50548275055659,1
8.187494040944404,179.2684791310954,20746.438265221946,9.357491807594032,317.1289121985496,421.0396792507175,12.355403549095291,73.8009647533875,4.672415800318642,0
7.936179725578233,182.55402185293258,11475.655737282364,6.942258988345181,361.5170480601969,502.1159421646469,10.695860012030305,84.91025748735939,5.295560066746794,0
,186.98289251646378,27219.379950966977,7.130159396711756,,396.67943837055583,17.054679376872112,73.69452948398232,3.656599878985526,1
,152.97758364690313,35317.53224139017,8.23314307721049,,289.6902730538625,17.315446350572433,62.75961236696272,4.501462614728738,1
5.654118442771253,166.60313771250566,32603.228109766656,7.473145810021602,330.0644306738193,352.0427209496356,9.199091703920582,57.547247253392335,3.0701200205549104,1
7.113706837290589,163.86749546393384,20143.04702290719,8.625018614261192,270.7671763860868,551.0311014806558,19.54646862799626,82.5774024167401,4.558691972492891,0
5.984257432731832,171.43047791666788,34969.31739059458,7.559398664322918,318.36180276692903,404.0805534536557,16.194435028950206,43.23240119581323,4.125550709069678,1
,194.890083603623,23293.40687765837,6.120100200575299,,406.52928164999855,18.91866232898112,50.478011833925706,4.338969860084968,1
6.779413927746792,203.49487144116867,19067.352051273057,7.678405640329762,356.58340566036924,402.01294429800953,9.87097842999912,59.639075752132456,3.4664537838123923,1
5.761754204811233,245.61601577005047,16663.396827193825,5.270038068286941,353.5272945766296,578.3309271658405,9.792780287129052,85.80246012019197,2.6743549358576058,0
6.51792123752051,164.0526706963587,19368.513727553283,7.273695529242437,335.0407211744194,556.076713228965,13.80840127776792,72.07628217665433,4.362536610504614,1
7.6193971814134365,227.49831675125068,18622.86167869131,7.046832014968863,333.2895895037552,603.5024186758508,15.959188608754141,50.511267863836075,2.360545541066026,1
,189.15235698478372,23482.621134666744,6.7670130283639365,,413.2763831679959,20.22799071565898,61.03507671384154,3.722466616050823,1
,194.41716129112214,23396.993635133822,6.89433998169771,,449.6499590997676,16.630060415589934,,4.704121855807577,0
7.365530817237868,217.59422374933132,22026.500375334705,4.0890415272037774,350.259890719965,304.6685960463367,13.49915178652029,54.64337612426344,4.119680233980969,1
,160.07289531000646,25801.362076793244,6.222040147614461,,544.1547540894619,10.912981614702556,81.66223293690847,5.489707262936054,0
6.239585236943306,208.23711187788962,32358.62259064117,7.248551841825783,311.4325714506292,332.5776358985652,18.359001889973197,44.05210993178391,4.769585139013784,0
6.2934425415725155,201.3264706628178,30261.120978339517,7.3557702271958405,,443.34204510101034,11.116472095022642,91.74049369174998,3.4599592571060507,0
,211.75844044826079,9081.387674485839,5.4557197745184665,,338.21579778937246,19.673946230748662,79.25167504295396,3.9913044362841226,1
4.8278734877540135,205.25339660505017,300.0,9.12513254538352,313.36766430365543,378.8906538609043,13.36153065629852,83.45378672965917,3.93305085201534,1
,274.56960447714863,30128.58322778168,5.714120242856798,,359.019005516024,19.548920839638907,58.59296780759587,2.7359021245900212,1
5.922333668121346,175.5923205039579,10108.155323785837,8.651131520842778,361.4326353884737,377.36997914593456,16.540473257195618,63.60094849473425,3.2364888451422047,0
6.6798292724322295,179.00809743994182,20044.541003533654,7.783510978994696,316.9274817633157,382.87018374808173,13.847914884839888,43.069570967604605,3.532606492555709,1
,176.05950315440754,11820.016673283571,6.066036304249915,,382.1384964059938,12.585991972973783,57.60540148693115,2.3817480077723694,0
9.213034325424328,178.22473218687185,6322.770193053828,9.940497428175219,358.2972439326446,492.66671294242457,13.175004004757938,73.89847756229041,4.007044905236282,0
8.286489434803029,175.60361192619143,26710.725735381657,5.190181069189632,361.0263422512196,337.6109765549984,15.713445084838284,86.73700898850234,3.7757239611706286,0
6.7600922050548595,234.04852899544164,28604.64989463303,8.570646677776002,276.9958158407781,443.64331416110934,14.554616437518465,48.28549093116077,2.665142756976972,1
6.971475688145967,241.45613593567535,16984.35951367754,8.700931708868765,382.6897034008424,523.4367321844447,12.340422353373274,60.151905008235744,4.285286034916319,1
5.496205953043287,177.73611860001677,300.0,6.027007665477368,343.7112717805881,384.94429083892834,13.753416345951814,63.57921247627964,4.528380740858949,0
6.972230296011415,169.36462166066468,17247.6733002034,9.327944480102925,317.85963729090565,368.56648874019186,14.559304198073194,43.66737276492024,4.147086893514613,1
6.567012041619792,211.08529780436493,25408.694847002156,6.699925576641675,338.87892716103227,407.55802998557994,7.2751774884311216,75.4615878681344,3.7172268233370036,1
7.484077840507134,178.3288625830089,9133.46935166508,7.561909806847771,260.1743554511689,520.3780166688568,15.811954778802706,54.416154692118255,4.431324878366447,1
5.759153584671516,216.25381816817634,23595.231302078653,7.516514942033953,349.7547652707075,441.5286104762686,11.06691995843454,62.873754381167615,4.500571881171819,0
7.779019771361758,202.49353666724159,21866.804312194938,6.885106013647123,290.79576816453505,383.5028564313921,10.494003069421042,58.76881004940996,4.2097747843813575,1
,147.49618832008858,27039.836046529468,8.397293237055651,,464.71013209504315,8.731763654534657,53.37058390848521,3.3268024446608866,1
6.8368597773147135,245.52016644256196,23040.349205203132,8.369581952883541,270.5832733650665,337.81662801308613,8.380154757035964,65.88728023231113,4.185748597098721,1
7.602567583148412,253.4680855390567,13534.300214330467,4.30234884281891,378.62022337458694,480.50876083543585,9.827023239729446,62.55024674291164,4.902474907643874,0
8.03521598756667,176.39076190449964,32410.172064481074,9.186944388605044,307.2002008585957,458.6885846161414,11.960230839819381,60.05027388354135,3.5046293342828507,1
,183.5935500820485,20620.79271466536,4.44001281914292,,401.3753223088893,20.745755153837678,54.34461405311451,5.606392684523296,0
7.336138722715625,205.14769250319696,21762.450506263594,8.752073926946652,311.03214001485577,358.9131361242215,12.564597069545828,71.11239473252729,3.5600078714914005,1
7.0188886011726925,206.70261727958479,13880.568756063194,8.902728218924134,262.9983237386892,355.0655262173234,14.886575350684504,92.45787629587656,3.9952774704053065,1
7.146514147823248,217.07341672553056,18143.44441463386,5.354453711655682,287.22249796210497,468.78538690767283,15.621588575470886,68.23819572542604,3.445461235115058,0
5.8404853242168,260.32654524052316,14302.216387965962,6.4426971392726635,383.6682764202845,524.318440199125,14.732515114512301,81.93789143857806,4.144151252017804,0
7.036765261388414,190.3376887201904,20495.36927866622,5.330872530422503,326.60817470459665,375.01538023769643,14.044436579604222,43.7564491975446,2.6110670797444855,1
7.746997436868175,170.4544881747695,36891.86377723839,6.756126351538023,310.52022084388534,462.67093628411874,10.355530580122494,68.5241830287003,3.544087396922958,1
9.176715411692562,151.86178470353514,10064.4600564972,6.607145145302813,339.5607472599643,259.0378385118345,19.0880609093214,48.44210689646293,3.118145463728118,1
8.43890623912781,172.6102387218586,7962.015838472353,8.347456851630943,353.57309218286935,379.23058154742404,20.26374892400502,42.36920115948958,4.075563911355987,1
,194.9399368680385,34799.18184919439,9.196493993791373,,423.51528537032783,8.747226309395138,54.170057480655416,4.745668952896948,0
5.848978655667926,253.42585163256922,20178.884008778765,9.33309409726393,392.38846842561,353.2253266414533,10.920705650074948,85.07038935061716,4.473884825949351,1
8.308480955081016,179.43643843084251,16179.067173658725,6.200531157474716,318.2494855226475,351.0794900168323,13.37662587015588,81.20025325871433,2.120105698530064,1
7.2750130086075275,203.16121445244474,31047.170780345863,6.765245002008755,278.63204487063643,372.5776354824891,11.117025276796369,69.88807555287039,5.562814329283746,0
10.28470439982651,195.47446732567192,16731.14480428928,4.4064988924464785,316.04792839394565,449.3754182661099,15.969686326404355,41.4767910417611,4.200318353684278,1
5.787552571967273,234.0285847503387,37886.28450785835,5.810607893606098,,411.01367852749,11.896701732058178,62.85950957779301,3.36433067041546,1
5.740417236728836,276.8618376279559,27897.95508065164,8.643762612955932,,246.94150133400223,21.44468502376179,70.82720014242777,4.0925597768129345,1
6.1009110318339665,179.01219926654974,17755.170749132387,9.68493251767717,293.75681248930323,256.34398778919467,18.228810361333867,68.80857967325757,4.1074280615521,1
3.8141564135352897,180.3379378394169,40768.581455409876,5.125041804992124,347.0953031435453,377.45078577142596,15.00149430108631,36.49930266430807,3.4498580007777804,1
6.211367467478858,229.4131480662103,16730.280169870955,6.1520571853553685,331.0052535856115,462.61492688428416,17.689054668955116,51.75491443168205,4.124375000526819,1
5.861301007669454,217.82052766804196,28456.22973648097,7.057750788865716,334.34467681187505,206.19961258198123,17.94947140037912,64.97475577362053,3.4961716156561606,0
,255.0946344235531,24603.84544953648,7.5482578541113705,,386.02158590786956,12.438973289407798,74.58065455227504,3.6545976457017826,1
7.512633963665739,214.68570193043084,33325.14921776955,5.804634368125366,323.55357071756356,383.9001714786063,11.606483093011517,30.861954862400857,3.434702274111034,1
9.814256258823828,184.5026530948141,35585.14741152362,7.778497671142543,295.1064410849995,537.0670222566758,14.557872107799838,63.406016392322265,2.852516394003071,1
8.425635757279075,214.9009545821539,22278.43609687217,6.341857044686534,369.4981348561163,395.19825506297093,17.143399210843217,68.28878031806323,4.083752446768,1
,231.47851457865306,15445.264527988204,7.076876366594753,,456.63911877927427,14.75889931555628,79.59379181625941,4.426533560482744,1
5.652377992977463,222.25542979831565,26001.757643570312,7.974054796805919,257.30629764823817,437.30057120699706,9.095911608769711,77.085721347799,4.3716092049395705,1
7.737878757259758,212.23276899543353,16103.876283156676,7.1102756316975,294.8900547321112,255.55468161542396,11.650679334962222,75.32114110094088,4.609541697055483,1
5.019650189469036,230.13359006685292,39516.46905348162,6.4017825751574895,,487.456577330539,14.055889550138554,53.200951892769055,4.222985363811597,1
9.74718814878153,233.41745889426153,23187.857380419817,6.92462431371867,306.3490186893172,443.23172043650305,14.050303505724761,35.47196580602708,3.5544741113908156,1
8.769160181081931,240.22908771320087,18821.702503584653,6.958619265271463,329.5790432385952,466.6614911739672,20.809389183406367,59.71115588701758,4.624937814256327,0
6.296236521842943,216.75871640286857,23606.718661024704,6.507982352188595,273.56454599236025,740.0990165149061,9.726239790083309,82.02610920333696,2.911136318923291,0
4.430298206363684,190.65222142986067,10280.001281091641,6.685926299732635,295.20374766186217,259.2709648401129,15.968444498058387,88.2952724403909,3.267476321640266,0
9.030808561248119,200.69483796586633,13546.957864957332,9.657835472807546,291.83774774465854,563.9757319808887,19.214073257483356,77.36878563676457,3.2179239442898693,1
6.828190232121073,234.60828692826743,32443.6009991165,7.997471116705982,341.49796050535673,403.00419844797153,21.795784159895227,72.86945316482775,4.812443726128662,1
8.856724467960193,169.85805852840843,16285.019772948857,6.627231491153343,335.8431178184863,448.98631235224076,12.965488503492928,72.07423437417545,4.705375041029259,0
4.608358511808449,207.79754588393283,12891.874450667125,8.215127047217177,303.4087603131726,422.3590203759006,15.92171719397666,57.10210005182751,4.350098084895096,1
,183.41315800552445,26668.87894698739,6.565888816390384,,392.0610933281565,16.180209178755536,63.91903530314208,4.806105294865202,0
7.007865549577275,196.91983433391417,32315.626145568072,8.976999420138625,310.58611653192213,380.4133657408993,14.94508971412586,92.7051124132213,3.2841594297186494,1
7.070470890647113,236.91045960343357,28254.89380278608,7.69142750751695,321.8621404766318,452.3606988458407,13.97381083591029,50.91907190732998,4.241904193491565,1
6.324901792781135,202.1151701766369,30665.6148665106,6.928316569593234,401.61153570224,304.62610426626566,15.738718785350152,91.83646065135763,3.872363945861132,0
7.934274898521248,197.48596954099676,15415.882729445691,7.816347081296444,387.95890312340424,486.04633340174126,5.943587918775039,60.84754952812707,4.630568041030233,0
,152.4846034886426,9630.247199345959,4.586598156690401,,392.7044476091797,16.550829317206684,87.20691374552126,3.880125098609286,0
6.7864307724680595,219.88011411287107,35061.60277201273,5.2971720497443116,367.01902913304616,335.59445287677136,14.716387082084493,43.49095984803939,3.669744547040137,1
7.180443447567848,216.6554937965144,19192.685402073417,5.189719989761511,366.2672587341553,389.9989713603349,13.565832840631725,75.37446721863438,4.391908644477573,1
7.771658251088123,265.2241511457747,19817.752756841088,7.32870895162193,285.92120516114267,526.5719373490058,21.05464524587454,54.21167782483805,4.653411950409161,1
8.067422317133335,186.15109648150397,33555.2890340868,9.872023999176147,366.5698833939493,383.17319303870215,12.072717737991178,43.355724929213,3.448690748019495,1
5.313036862243196,203.01281048524604,26839.20108178574,10.670080233908212,396.0552086549147,454.6762894567696,12.969849236085398,69.49654467857513,3.922360976345147,0
4.698828743896566,203.98027787874418,25966.223617109987,8.120881762305212,286.97566294397905,367.5234979427621,20.872125897275623,82.1515486175355,3.144416305759511,0
8.916515232847765,246.4785049524312,40835.520400639434,7.901351159911131,295.3823843384152,486.6337479938896,11.554197693995473,52.48093698250406,2.0215124063555074,1
7.498471017969387,192.95054296361752,16401.391395692757,4.218307625355617,374.7241201405836,480.84061910321634,12.484619566309423,42.01574463266558,4.1263585125027085,1
5.87727019516517,204.92868882465086,30072.209114306763,6.2317219204255645,,573.8887066637129,13.814816102678195,64.53048377064071,4.444946177878613,1
,215.45268831092926,22496.014186604636,5.839545996946818,,411.95488436006275,17.074423791027513,64.60103473956511,4.174412111087646,0
7.173511951439288,201.97149194100345,24336.752826110336,6.1066438427982135,,479.49238438063253,14.985748274265935,74.77311404087197,2.449341860151594,1
8.76894577609574,181.7141243343831,35297.675309789025,6.8309698902643365,349.01853275805394,433.8454031631156,10.034336354397535,81.19351314183182,3.69633744454035,0
,202.21087977274584,26418.171079719727,6.344655075684596,,529.6697425490412,12.543843741680275,65.04935709964009,2.239688747160157,1
10.09112188732298,230.3562159955127,26683.175887731806,3.933120303398739,375.9400259714794,368.4934089913016,12.295730370399703,95.68805303670821,5.038366863970264,0
9.633011263664807,163.15151041884607,31330.81383459528,8.296656409788053,,485.60042503018246,14.04517055076395,69.58775591256467,3.122877425947893,1
6.62655377728139,200.25502957270004,18824.911252976897,5.38361115881631,,410.4242163106655,15.705284073478436,60.457175903889606,4.94921481537872,1
8.457356426431533,173.59613392194646,14698.875894150646,7.482794982577839,,420.8649458313202,15.680078994430309,40.214922254354754,4.707778322073634,1
7.968063924377722,234.24149212559496,12910.160012017008,10.418532271599958,270.2245923952154,433.34019875586984,8.439161211640274,61.79744767494132,3.267539525021872,1
9.052947336298523,147.2580190469192,4892.697672428785,5.628984653461722,,446.1792317141342,17.811005258950825,60.61780887342182,3.086427738011159,1
5.552614809129843,178.11450088730916,39889.0020304808,3.0515399636058715,356.4543551102799,416.70167655024335,15.133477191788858,81.36487674050352,4.243288768781344,0
8.02907718999766,208.07078000206468,12402.087218221357,6.642393244991823,330.45016830302825,443.17705465364213,18.86895575705989,73.39973798506966,3.311427250997205,1
8.587636730274381,246.0967689354989,20075.093474803783,8.861535415997714,379.0984877546906,552.2494446049748,15.765854480059218,47.130094053878125,4.049938020883402,0
4.361890770365329,193.8959916456644,19591.72429096639,10.23335592675295,319.30283352982246,504.83597484921745,17.934365760528017,68.7560701825766,3.593394479170604,1
,178.23361514581765,24674.438270939176,5.132720648876132,,495.5323673997517,15.83959952778542,76.74449874766485,2.5806964367168064,1
3.941151733359849,256.1970262220989,29096.91374909188,7.894718757178435,291.1937621136233,389.55683791809037,18.742544995469068,90.44850175020532,2.2302349450829224,0
6.595889748333163,149.66355518668018,29486.119348729786,6.355503269151914,332.0343618141562,354.86073374173407,16.02342709885867,80.20006347862495,4.146813713825786,1
8.076313383693943,125.63820938815738,16927.226284450237,6.930482633113383,325.8514754259837,502.42404465902024,13.976879686738418,78.17354646898364,3.5319849578621123,1
,210.08046240170663,20546.04109005822,11.330949355227254,,496.08374340238356,21.79903457747471,,3.538589942806977,1
7.1111421706296625,179.93426482071644,24458.445569248208,4.695247474567754,317.8493959178323,543.8136540600785,17.233822503523644,72.21299208677519,4.512773794493153,0
9.442923318356938,163.3205498518172,19836.38720220314,7.505983458391317,,377.6815499224616,16.193356589314565,85.99207841129854,4.885284975773307,0
4.929847812677663,218.6674063135793,35983.906511373934,7.848309074824693,366.8679340291018,407.63610757117226,10.088195425423493,44.675561640325604,3.757415117337789,0
4.4449263409672675,203.80162284067836,26271.482079252786,8.837258119902955,,294.84126699796525,10.048584862370326,60.4089707645287,3.704333008610308,1
6.916678451655072,177.9494838164247,28393.436738633412,7.256773045553432,267.13033886971414,394.60231151513017,15.265961091068117,53.63890001990015,4.36011156582883,1
7.576098173408961,155.03025924253137,27767.06703740649,7.592880863206563,404.73294007242225,505.72564084635576,14.780219952635195,72.066449899618,2.9115902556343314,0
6.95095787785886,223.91863450496464,32209.222560122325,6.473362292125134,389.63961722630995,388.6803696617442,12.273395535472558,85.6835548104126,4.144059382703204,1
,216.80643769467716,23574.88756072225,7.530603105992172,,477.2383836160659,14.765242908719799,56.44841141246282,4.400471058021281,1
6.8663199407308175,192.82637235905975,10717.562052784135,6.550892359204143,361.27802001505296,410.7597515201751,19.542468862543867,27.755130120488992,4.5005795625657505,0
5.04329574924272,255.0923838735253,25477.28518024798,8.09451502376968,,451.92456225772486,16.594828166015986,59.40446807960848,2.4593328920480775,1
8.004508823245057,161.75728747756312,16333.195024011087,6.508623462330185,343.80297582857344,334.1846888147466,10.534671917815965,80.6155797122785,3.3761428895490266,1
7.549897369145272,147.18319453040834,17401.034868777115,7.703360630243498,345.06318928955324,432.8167559707121,13.932020870428287,74.60207844719807,3.284954662797696,1
5.590180320508967,173.85894176380017,27101.366963169312,7.0531794981040346,323.3892801870308,186.70912232794214,11.64361061318655,72.85097996496921,4.047911824439186,1
6.22919962399496,194.54124747662408,32773.06272147263,8.901680401235469,300.86560771095776,411.0483073470412,13.020590275851749,61.52010717000832,4.344980772219028,0
,203.78686237832613,22185.062717603738,7.017770042258421,,295.5621405027888,12.93506830342218,45.53550822048342,5.1374341178078655,0
6.905981354090242,188.28044614859743,24686.847209610984,4.263148050868989,295.43613146526906,522.4795613237453,12.723769577406784,74.24470914599148,3.583926925312903,1
8.432713480751858,207.2657726884575,36809.27001832657,9.119074401142386,298.8952894625518,488.1925882211609,10.158053272487798,52.651491039446,3.5818934513188134,1
5.5214109304966845,155.9507384259058,24094.552661550544,5.650828318619809,330.24569010797643,463.3336785572865,13.878739550989973,100.9455477340873,4.866744174725423,0
7.756069773276766,242.2004673303443,44634.643093369436,6.053973858161887,303.6538404464592,547.6804981727504,12.449994798403878,75.12811533367226,4.2013300120536385,1
6.204613572441339,193.3711622914378,26919.933916994436,6.146941929530412,360.9641346942174,350.086678334013,4.632819322992516,56.70962715913679,4.95876817872662,0
5.810690751606484,231.75346661082008,6681.363995344385,9.299100949073308,393.977092368773,565.7890558332447,21.07480768085549,56.21783604178195,4.195207842347672,0
6.839454460068163,206.96721108408653,28554.072103609433,3.682921257634087,309.2178171038282,500.5753251408308,17.892939858915017,64.51289269418258,3.067449037403649,1
5.447136516370939,210.6161030129211,25316.077948480168,12.12039765385599,342.8155845219505,407.0755770224843,13.058207607747514,62.167969247652,2.930159883273311,1
6.169526041979227,214.23255296743054,33220.848960519885,8.789690894505682,353.48708952242026,516.8496117746355,14.362102864143976,83.86934040847927,2.7598204457340354,0
5.203183161116727,210.32667392055407,27856.677756048637,7.457182262606655,352.3520931076903,337.49651900706925,10.433540653852047,68.98265871590475,4.486400431111609,1
9.947087699374585,216.5671283157614,20795.432939341168,7.012169599013942,336.1141659845596,360.0388670777861,19.895885496775854,54.29389217746355,4.897105522007866,0
7.052895327957593,238.5328809642378,11348.605344282518,7.556886519772251,363.4499791527486,377.312822140824,20.561052692751268,96.24705096249252,5.412502470281377,0
5.950411738011121,202.28867743044705,20181.497661611582,7.933795885406941,352.7722070599069,383.6817833548788,14.817089303213532,66.78893330432356,4.627622159212128,0
7.320969866101333,218.68812024283238,14600.472048379088,8.132344937520092,,341.47538857917976,17.67765112581164,78.30143481550235,4.877014090477289,1
6.831507925463756,193.12845778280874,16949.445986698913,7.988967145605518,368.6353986399602,523.846645367626,14.87844637048195,56.26837588088385,3.517587260530126,1
6.668545600700165,242.08375089438312,27120.632118459303,7.243329090008398,369.37892432793643,405.29164797041346,9.88880605170943,71.80985004391238,3.0679956629397918,0
7.9212500500651375,174.35544633410336,36528.16918785723,6.784258527508278,301.70526972867816,454.20039746855036,12.940982882419931,70.97775985829112,4.633061879285692,1
,253.6300938531461,25433.642309459934,6.857962746154381,,380.37189068690554,14.735362290347458,35.76561132646155,4.2957909867467325,1
6.204248278584209,194.714945579381,11595.817360293897,6.78814675143571,361.01648870525383,280.35173595611866,12.799992528146635,98.24440176737025,4.053806611985896,0
6.13627263903298,150.21519673222247,25868.043213515222,8.914032154987304,324.41813339724615,447.60458867131376,13.578444184464383,86.65031137476075,4.272149754893732,0
6.587422454272534,200.09934127714524,32410.693933817165,8.04969075564938,376.99209995840647,273.01960196641784,13.998381460219923,59.6448749416642,4.222084676317401,1
3.547118252896623,174.2063469608038,16694.888732421376,2.395378184537151,429.9187722793938,420.5092763131625,14.033100957043978,48.36368415270631,4.971377150685778,0
4.727213406702171,222.90059356763916,20834.050649945617,8.149441242447617,300.77457266196575,316.5347968933752,14.472453018641696,71.56098582085683,4.980088756157226,0
9.050311401166788,175.1160326623235,22127.787294144015,7.411577911550039,276.3771712706952,584.9820799384646,10.800003280891218,67.38716319063035,4.394491874825471,1
9.467451570251924,181.72213013712704,15171.384676184513,7.070065989686563,345.4565624197999,498.9090177739777,11.933846707877812,71.69070317701167,4.629726240599084,1
6.626445940665432,135.534696609743,27640.039774441575,6.478370475057782,,434.46030330171845,10.060871923190103,69.06523833910543,4.370968790891325,1
7.864835444583649,181.52619778402953,20947.7511071123,8.898580351977621,,527.0965342123735,17.526791313964463,74.09985582889482,3.6102876090129974,0
7.466875231815304,118.43586154787339,25649.93226199114,8.616042339396571,,358.29472180274115,7.35136509192693,89.15689119026891,4.56012044643225,0
11.618321212682856,145.31510964845685,14278.81805312173,5.863395731482225,278.1171622113468,469.47835029360743,18.106848132945856,75.08965128205834,2.882293846289776,1
,220.3332689966175,18194.11278718633,7.751283659399256,,441.9848346974971,18.87495301096738,,4.792035410790789,0
6.80812361277885,221.14560507682663,28284.71781310161,5.5453492247339415,,447.1216065066936,13.30280406295735,87.80100564339924,3.0382721069824927,0
5.566689339099361,209.61464197711888,18756.351576801626,4.892610936337711,403.4944941544992,527.7882800085414,5.709647610169917,92.2498330158126,4.192926563699892,0
4.590330519613641,165.05676341986518,37024.585505730625,6.097252440656055,414.69312947989283,484.59936822238416,13.107675145507942,116.43290775219336,3.3107799124275963,1
7.305195453800835,194.47323660345666,18523.16518515296,8.479829555812413,301.56707990088273,449.0978930260019,14.088192267746898,48.024095468166436,4.401643406798053,1
5.865473882073545,195.8847187491018,23954.757114041407,8.625000072601738,310.4681574277482,293.60900510173633,10.965025874234588,69.8861122104044,3.9435383237762314,1
,158.93232994583863,30113.54023729588,7.920936672155668,,349.1962963776429,12.5997793004328,,2.7260903526326006,1
6.03014067363621,244.10874565654882,9660.218123482624,8.260153258956795,317.1276433586299,416.1832853123421,19.34964415624906,74.85038650206735,4.2981457121944135,1
5.3776779945784074,224.0755932984215,6680.96333576725,7.925885259383933,331.1381400647782,433.4697899421321,16.494259635595746,57.22879522933164,3.5192217940704857,1
9.530712452608848,188.92914643745075,8726.790063240176,6.073629447643276,,335.5837020260861,11.248938422552271,96.77513271719926,4.657294442234428,0
8.322459635424176,196.86034684782499,32984.48169981648,7.7910760714783045,254.2934005958961,618.9341340462737,9.027922740335075,53.60616047970269,3.9710340372128377,1
6.988041038025074,202.6682498543217,17198.83413073571,8.380655240364291,332.43265241013626,547.3115244202859,13.220842851887756,38.97307139252381,4.27842836860267,1
9.21991620833504,130.6644842104227,44256.33378531379,8.306866127701719,,474.1694656313987,13.595592628143555,58.459780148759684,3.223096215088135,1
,188.0903237593409,17091.04589168072,9.00226139435943,,431.7629489026996,15.937457318298945,,3.510320859486658,1
5.708073698007604,174.17650406407046,23605.596337814222,8.233286155521702,392.1889121422214,409.02328240790786,12.533454848526727,78.01759127211696,3.6122618638411543,0
9.284686115904485,163.9481596833627,35416.35658734052,7.662317132066533,281.4832173345505,349.8465231982211,15.987948598694143,32.95867125989887,4.638227934589194,0
7.8083650655269885,187.00479062764944,39453.008126984365,8.812240381306284,,432.198441481509,20.686008332198757,66.45532129893054,5.278354128488282,1
5.444130768510315,253.52596885918473,39935.08111673666,7.057565985201504,321.56251985639585,446.62020321142006,16.991153374066066,32.75501088230085,3.3419660336405568,1
6.714491982874588,216.50697156054432,32512.786206160337,5.6890005580356515,321.5298330916708,326.65915396147005,14.141307925808452,60.87523512741373,4.809941552832991,1
5.686572619922864,177.7222723269505,30909.34397455972,6.839092857689978,365.4052477381202,452.7341133795918,13.695603445524128,92.29405049287254,2.2776516141739522,0
4.925800403553496,214.3226490033971,27154.984458050294,5.9081557683096815,346.94210307732453,413.5792760940201,13.122978657206426,71.77036626297271,3.0385322671480144,1
